IdVenta,Fecha,Fecha_Entrega,IdCanal,IdCliente,IdSucursal,IdEmpleado,IdProducto,Precio,Cantidad,promedio,maximo
51,2016-07-18,2016-07-21,1,1230,13,13001674,42788,42196,2,1486.27,21233.39
165,2020-04-01,2020-04-05,2,2823,13,13001674,42890,51500,2,1228.08,19189.97
238,2016-11-09,2016-11-12,1,2838,13,13001516,42942,274900,2,9510.52,136592.84
534,2019-06-03,2019-06-08,1,3237,13,13001330,42798,155628,2,2576.62,40066.4
545,2015-03-17,2015-03-20,2,3159,13,13001330,42839,35332,2,1048.26,15691.57
604,2016-07-30,2016-08-04,3,2777,13,13001330,42911,178900,1,5428.27,80805.91
731,2016-10-05,2016-10-13,3,1539,13,13001657,42832,81884,1,1389.72,21726.24
815,2018-04-02,2018-04-07,3,1379,13,13001657,42849,154200,2,4934.4,72442.31
913,2016-05-18,2016-05-23,1,1505,13,13001657,43021,43500,1,1518.4,21750.66
1041,2017-07-12,2017-07-13,2,24,13,13001658,42879,56000,1,1468.85,22588.68
1117,2015-02-19,2015-02-24,3,662,13,13001658,42973,12300,1,199.58,3087.56
1159,2015-06-25,2015-07-05,3,1539,13,13001658,43023,64300,2,3155.78,40341.47
1261,2018-04-20,2018-04-25,1,1473,1,1001695,42775,320606,3,10474.76,152911.63
1375,2015-08-10,2015-08-17,1,2339,1,1001695,42962,224100,3,6507.52,97914.64
1410,2019-08-19,2019-08-26,2,1380,1,1001695,42953,362000,1,5740.59,88198.62
1455,2017-04-25,2017-05-03,3,32,1,1001285,42881,49800,2,1022.49,16196.47
1496,2017-04-12,2017-04-20,2,2184,1,1001285,42936,354900,2,10178.26,153591.18
1513,2016-06-24,2016-06-29,3,2611,1,1001285,42769,303908,1,8576.54,129896.32
1574,2018-10-06,2018-10-07,1,1258,1,1001285,42865,19900,2,636.8,9348.91
1578,2018-12-11,2018-12-19,2,936,1,1001285,42851,13700,3,399.51,6005.18
1589,2020-02-03,2020-02-07,2,2709,1,1001285,42838,89738,2,2429.11,37122.15
1615,2017-05-23,2017-05-27,3,2940,1,1001285,42925,300,2,14.42,185.77
1714,2017-08-03,2017-08-04,3,870,1,1001285,43025,55000,3,2644.23,34057.69
1775,2019-02-14,2019-02-20,2,1921,1,1001284,42933,115400,2,3206.32,48729.06
1781,2015-10-14,2015-10-22,1,643,1,1001284,43017,35800,2,1412.82,19480.78
1808,2017-08-29,2017-09-08,1,207,1,1001284,42795,54318,2,2423.42,32057.31
1871,2020-05-21,2020-05-25,2,92,1,1001284,42828,90618,1,4835.16,59911.07
1969,2019-08-07,2019-08-08,2,124,1,1001284,42966,341500,1,13507.09,186108.38
2014,2017-05-24,2017-05-25,1,2098,1,1001674,42771,255420,2,4185.59,64920.73
2023,2015-11-18,2015-11-21,3,1337,1,1001674,42904,13500,1,405,6046
2174,2017-08-01,2017-08-06,1,683,1,1001674,42930,15600,1,238.15,3608.26
2176,2017-12-09,2017-12-14,2,2661,1,1001674,42907,45600,3,946.7,14989.51
2195,2019-10-01,2019-10-04,1,1590,1,1001674,42891,51500,2,1777,25541.6
2258,2017-05-27,2017-06-01,2,3017,1,1001674,43038,116300,2,3335.4,50331.51
2399,2017-09-06,2017-09-08,2,1109,1,1001977,42866,19900,1,320.61,4949.83
2423,2020-04-18,2020-04-23,3,863,1,1001977,42863,39800,3,1093.33,16656.91
2534,2019-10-08,2019-10-09,2,1434,1,1001977,43034,100400,1,3315.53,48256.91
2644,2016-04-27,2016-05-07,1,1531,1,1001725,42863,39800,1,1093.33,16656.91
2674,2019-11-12,2019-11-13,2,3174,1,1001725,42858,50500,3,2800.69,34193.76
2792,2018-12-17,2018-12-21,2,1767,1,1001725,43021,43500,1,1518.4,21750.66
2833,2016-05-09,2016-05-18,1,2707,1,1001675,42763,211838,2,6628.48,97895.33
2858,2019-08-01,2019-08-04,2,2084,1,1001675,42972,274100,2,5582.46,88448.77
2879,2017-03-13,2017-03-23,1,2977,1,1001675,42766,701162,2,22437.18,329402.03
2894,2019-01-09,2019-01-14,2,2710,1,1001675,42765,193842,1,6590.63,95135.48
2900,2020-05-13,2020-05-18,2,843,1,1001675,42789,21802,10,933.51,12525.79
3084,2019-08-05,2019-08-08,2,2884,1,1001968,42836,82324,3,4149.8,52528.12
3086,2015-07-09,2015-07-12,3,1001,1,1001968,42903,26900,2,412.18,6254.45
3132,2015-02-02,2015-02-05,2,918,1,1001968,42776,142340,1,2165.07,32753.74
3188,2016-04-15,2016-04-20,3,573,1,1001968,42840,35332,2,855.41,13337.07
3219,2020-04-25,2020-04-30,2,728,1,1001968,42824,58476,2,1286.47,20291.08
3261,2019-06-10,2019-06-13,2,246,1,1001968,42906,32100,2,1035.13,15165.26
3432,2015-06-15,2015-06-20,3,1313,14,14001294,42831,36960,2,1741.74,22596.46
3478,2016-02-01,2016-02-06,1,329,14,14001294,42915,176500,1,5630.82,82734.28
3537,2019-11-08,2019-11-10,2,1341,14,14001294,42965,228100,1,4709.16,74579.48
3586,2016-05-18,2016-05-21,3,764,14,14001428,42858,50500,1,2800.69,34193.76
3622,2016-10-12,2016-10-17,3,1163,14,14001428,42789,21802,1,933.51,12525.79
3636,2018-08-25,2018-08-30,1,1799,14,14001428,42763,211838,1,6628.48,97895.33
3745,2017-07-25,2017-07-30,3,970,14,14001428,42978,11200,1,258.86,4061.68
3918,2017-11-08,2017-11-15,2,2858,14,14001814,42945,321000,1,6572.86,104124.7
3953,2017-01-17,2017-01-22,2,1639,14,14001814,42994,57900,2,1904.34,27748.49
4003,2018-06-15,2018-06-18,1,1276,14,14001978,42785,159742,1,4218.6,64790
4077,2019-08-03,2019-08-05,2,345,14,14001978,42765,193842,2,6590.63,95135.48
4101,2018-12-13,2018-12-14,3,1646,14,14001978,42831,36960,2,1741.74,22596.46
4172,2016-08-01,2016-08-06,1,1117,14,14001978,42972,274100,2,5582.46,88448.77
4341,2019-01-28,2019-02-02,1,2716,14,14001530,42880,56000,1,1369.34,21317.64
4417,2017-02-27,2017-03-04,3,741,14,14001530,43009,56300,2,1529.54,23357.03
4569,2019-05-21,2019-05-22,2,1841,14,14001152,42877,56000,2,1449.41,22345.86
4624,2016-03-21,2016-03-26,2,2441,14,14001152,42982,1300,3,33.65,518.74
4733,2019-11-30,2019-12-08,1,74,2,2001079,42971,276200,3,10804.29,149402.68
4755,2016-11-18,2016-11-23,2,3358,2,2001079,42756,63866,2,2291.66,32557.86
4803,2017-08-24,2017-08-25,1,384,2,2001079,42875,56000,1,2336.92,31631.91
4865,2018-08-03,2018-08-08,3,1537,2,2001079,42932,1560000,1,11008.54,394340.13
4878,2019-06-01,2019-06-06,2,2890,2,2001079,42886,49800,3,1437.09,21654.71
4916,2018-02-26,2018-03-01,1,564,2,2001079,42964,282400,3,13440.81,173751.13
4927,2018-12-05,2018-12-06,1,563,2,2001079,43015,48300,2,1002.75,15877.05
4937,2019-08-12,2019-08-13,2,382,2,2001079,43017,35800,3,1412.82,19480.78
5046,2017-05-15,2017-05-20,1,1665,2,2001676,42772,656986,2,22305.73,322114.41
5081,2016-06-24,2016-06-29,1,2996,2,2001676,42840,35332,3,855.41,13337.07
5134,2015-06-08,2015-06-15,2,2724,2,2001676,42923,75300,2,2068.54,31514.2
5151,2016-07-27,2016-07-31,2,1664,2,2001676,42946,217300,3,7834.24,111142.11
5239,2020-03-31,2020-04-05,2,3402,2,2001676,42969,383900,2,13165.65,189572.53
5264,2020-05-25,2020-05-31,2,908,2,2001676,42830,48642,2,749.57,11399.64
5270,2020-03-09,2020-03-12,2,2645,2,2001676,42831,36960,1,1741.74,22596.46
5318,2015-02-25,2015-03-03,3,698,2,2001290,42925,300,3,14.42,185.77
5384,2020-05-11,2020-05-16,1,1959,2,2001290,42799,153604,1,5267.77,75850.74
5438,2020-03-17,2020-03-19,2,917,2,2001290,42848,158800,2,10234.66,117758.36
5472,2017-10-13,2017-10-18,2,2136,2,2001290,42915,176500,1,5630.82,82734.28
5507,2016-07-20,2016-07-21,3,2026,2,2001290,43008,38900,1,861.53,13580.33
5598,2016-06-10,2016-06-18,2,2303,2,2001961,42956,209300,1,7056.04,102101.86
5736,2019-10-11,2019-10-16,2,1361,2,2001961,42847,284658,1,10546.35,148370
5772,2017-05-05,2017-05-09,3,2887,2,2001961,42898,51500,1,2264.49,30107.46
5789,2018-11-22,2018-11-26,2,1274,2,2001961,42895,51500,3,3428.43,38931.64
5816,2015-03-06,2015-03-13,3,1971,2,2001961,42988,59800,1,2041.95,29439
5958,2016-01-26,2016-01-31,1,2063,2,2001675,42797,484550,3,10767.78,169679.17
5962,2016-03-15,2016-03-19,2,1403,2,2001675,42818,190762,3,6035.58,88878.19
5987,2019-11-07,2019-11-08,3,898,2,2001675,42769,303908,3,8576.54,129896.32
6010,2016-11-28,2016-11-29,3,2629,2,2001675,42848,158800,2,10234.66,117758.36
6015,2017-07-19,2017-07-26,2,1632,2,2001675,42855,113000,2,2438.42,38520.96
6182,2020-04-16,2020-04-22,3,2071,2,2001675,42975,21500,2,486.72,7655.28
6221,2020-03-19,2020-03-22,2,226,2,2001368,42895,51500,1,3428.43,38931.64
6250,2018-02-19,2018-02-22,2,2973,2,2001368,42905,45600,2,2003.79,26647.28
6322,2016-10-11,2016-10-16,3,2885,2,2001368,42869,19900,2,542.62,8279.84
6355,2020-03-17,2020-03-19,1,917,2,2001368,42848,158800,2,10234.66,117758.36
6379,2016-08-08,2016-08-11,1,1193,2,2001368,42915,176500,2,5630.82,82734.28
6451,2017-12-29,2018-01-01,2,2205,2,2001368,42995,36400,2,1476.22,20173.47
6454,2018-04-03,2018-04-08,1,327,2,2001368,42974,21400,2,640.56,9567.88
6521,2017-06-09,2017-06-17,1,961,15,15001011,43028,94200,3,1995.76,31566.91
6578,2020-03-31,2020-04-05,1,440,15,15001011,42795,54318,2,2423.42,32057.31
6613,2018-08-10,2018-08-13,2,2685,15,15001011,42867,19900,2,561.6,8505.66
6681,2017-01-19,2017-01-22,1,391,15,15001011,43009,56300,3,1529.54,23357.03
6859,2019-07-11,2019-07-19,2,3029,15,15001359,42874,56000,3,3503.72,40797.25
6867,2015-07-01,2015-07-06,3,1192,15,15001359,42891,51500,2,1777,25541.6
6887,2019-01-23,2019-01-27,1,3174,15,15001359,42922,74100,2,2408.25,35206.92
7028,2016-10-15,2016-10-20,1,2944,15,15001724,42773,870364,2,25489.23,382750.35
7131,2015-11-19,2015-11-20,3,1178,15,15001724,42971,276200,1,10804.29,149402.68
7145,2017-06-19,2017-06-21,2,2781,15,15001724,42991,43800,3,1616.32,22766.99
7263,2019-12-07,2019-12-09,2,1676,15,15001923,42785,159742,1,4218.6,64790
7287,2017-04-05,2017-04-13,1,273,15,15001923,42828,90618,2,4835.16,59911.07
7305,2019-03-26,2019-03-29,2,75,15,15001923,42834,81884,3,1734.83,27439.75
7324,2016-07-14,2016-07-18,1,1327,15,15001923,42902,25800,2,798.57,11827.42
7351,2020-03-10,2020-03-15,2,290,15,15001923,42901,19600,3,720.43,10160.22
7613,2018-06-26,2018-07-03,2,424,15,15001794,42965,228100,1,4709.16,74579.48
7681,2017-02-24,2017-02-27,1,1513,15,15001558,42881,49800,1,1022.49,16196.47
7696,2015-08-10,2015-08-18,3,1369,15,15001558,42763,211838,3,6628.48,97895.33
7862,2019-01-05,2019-01-09,2,1753,15,15001558,42964,282400,2,13440.81,173751.13
7863,2019-03-09,2019-03-14,2,299,15,15001558,42991,43800,1,1616.32,22766.99
7881,2018-09-15,2018-09-20,3,2813,15,15001558,43027,46100,3,1506.17,21987.19
7937,2018-08-23,2018-09-01,1,2981,15,15001949,43038,116300,3,3335.4,50331.51
7976,2016-03-28,2016-03-29,2,1447,15,15001949,42835,81884,2,3121.83,43525.97
8001,2019-02-09,2019-02-13,1,3363,15,15001949,42884,49800,1,1933.98,26805.89
8018,2016-05-11,2016-05-12,2,1731,15,15001949,42940,216200,10,4594.25,72653.8
8034,2018-12-03,2018-12-05,1,2799,15,15001949,42923,75300,2,2068.54,31514.2
8086,2019-12-11,2019-12-14,2,1081,15,15001949,43004,37300,2,691.34,10932.66
8195,2020-05-30,2020-06-02,2,2881,15,15001311,42795,54318,3,2423.42,32057.31
8254,2016-06-29,2016-07-04,1,724,15,15001311,42942,274900,2,9510.52,136592.84
8261,2017-03-16,2017-03-21,1,455,15,15001311,42940,216200,3,4594.25,72653.8
8315,2018-02-12,2018-02-13,2,1312,15,15001311,42995,36400,1,1476.22,20173.47
8404,2015-06-19,2015-06-25,3,1057,3,3001950,42985,145600,3,4624,68023.59
8440,2017-07-18,2017-07-25,2,2618,3,3001950,42757,178442,2,4474.64,69375.25
8474,2016-06-06,2016-06-11,1,2948,3,3001950,42820,65274,1,1422.04,22448.03
8564,2015-03-07,2015-03-11,3,305,3,3001950,43005,42100,2,1065.52,16493.68
8596,2018-09-08,2018-09-12,2,1688,3,3001950,43003,44200,3,1379.67,20389.21
8622,2018-02-27,2018-03-07,2,899,3,3001950,43019,41300,1,1450.74,20742.68
8694,2018-03-29,2018-04-01,2,416,3,3001068,43005,42100,30,1065.52,16493.68
8713,2016-10-27,2016-10-31,3,2214,3,3001068,42786,79574,2,3677.87,48047.72
8736,2019-10-17,2019-10-22,3,1369,3,3001068,42784,174878,1,2934.6,45771.96
8766,2017-09-19,2017-09-23,2,3142,3,3001068,42883,49800,2,1025.29,16239.35
8811,2017-06-30,2017-07-01,3,169,3,3001068,42891,51500,2,1777,25541.6
8838,2020-02-01,2020-02-06,1,171,3,3001068,42904,13500,1,405,6046
8953,2016-08-02,2016-08-05,1,934,3,3001012,42947,297400,1,4565.49,69329.63
8959,2019-10-04,2019-10-12,1,1743,3,3001012,42890,51500,2,1228.08,19189.97
8979,2015-07-25,2015-07-27,1,1734,3,3001012,42755,107932,3,4571.24,61565.5
9001,2018-07-03,2018-07-06,3,2619,3,3001012,42788,42196,2,1486.27,21233.39
9033,2016-08-13,2016-08-20,3,1158,3,3001012,42856,48100,2,1166.17,18178.43
9036,2016-09-12,2016-09-17,1,990,3,3001012,42878,56000,3,1904,27484.17
9043,2017-03-21,2017-03-24,3,810,3,3001012,42849,154200,1,4934.4,72442.31
9067,2019-03-14,2019-03-21,2,585,3,3001012,42864,19900,1,818.53,11133.26
9144,2017-02-01,2017-02-08,1,1469,3,3001012,42987,4560000,1,27752.37,1067672.42
9204,2020-03-16,2020-03-21,2,1071,3,3001012,42954,255400,3,6327.82,98303.82
9337,2017-02-01,2017-02-06,2,3365,4,4001301,42870,17800,2,532.21,7951.64
9455,2020-04-02,2020-04-05,1,1422,4,4001301,42958,376300,3,13831.57,195065.78
9483,2020-04-15,2020-04-17,2,1172,4,4001301,42910,150200,2,2571.77,40272.62
9602,2015-12-18,2015-12-23,1,2028,4,4001556,42882,49800,2,802.33,12387
9643,2015-05-08,2015-05-13,3,1302,4,4001556,42897,51500,2,1495.48,22501.58
9662,2016-12-26,2017-01-03,1,1624,4,4001556,42920,78900,3,1335.23,20862.5
9736,2019-08-24,2019-08-26,2,1113,4,4001556,42995,36400,2,1476.22,20173.47
9913,2017-05-16,2017-05-18,2,809,4,4001933,42859,61000,2,2030.94,29492.26
9964,2017-09-18,2017-09-23,1,2089,4,4001933,42914,148900,20,5430.47,76770
10018,2019-10-15,2019-10-19,2,1407,4,4001933,43016,45400,3,979.68,15476.56
10026,2016-07-21,2016-07-24,3,2128,4,4001933,43030,117500,3,4318.92,60909.46
10502,2017-03-10,2017-03-17,2,1244,4,4001510,42900,24500,2,890.08,12597.88
10541,2016-03-10,2016-03-15,1,597,4,4001510,42964,282400,2,13440.81,173751.13
10553,2017-09-14,2017-09-15,1,850,4,4001510,43009,56300,3,1529.54,23357.03
10606,2020-05-27,2020-06-01,2,962,4,4001510,42990,35300,2,855.83,13340.92
10634,2019-08-23,2019-08-26,2,416,4,4001574,43024,50800,1,1601.3,23603.63
10695,2017-10-09,2017-10-14,3,688,4,4001574,42814,36982,2,941.89,14563.77
10797,2018-11-09,2018-11-11,1,540,4,4001574,42911,178900,2,5428.27,80805.91
10804,2019-05-17,2019-05-21,1,165,4,4001574,42893,51500,3,2214.5,29670.76
10808,2019-08-13,2019-08-17,2,2105,4,4001574,42918,78900,2,1735.8,27378.18
10850,2018-10-03,2018-10-07,3,1460,4,4001574,42998,52900,3,1458.66,22204.94
10909,2018-02-12,2018-02-13,2,3359,4,4001360,42878,56000,30,1904,27484.17
10996,2018-05-08,2018-05-11,1,2034,4,4001360,42773,870364,2,25489.23,382750.35
10997,2018-07-18,2018-07-20,1,330,4,4001360,42755,107932,2,4571.24,61565.5
11020,2016-03-09,2016-03-10,3,3284,4,4001360,42848,158800,2,10234.66,117758.36
11037,2017-07-20,2017-07-28,1,2761,4,4001360,42858,50500,2,2800.69,34193.76
11106,2016-01-09,2016-01-14,1,2069,4,4001360,42999,54700,3,1173.05,18539.48
11408,2018-02-17,2018-02-27,1,1122,5,5001329,42966,341500,20,13507.09,186108.38
11417,2019-03-14,2019-03-15,1,3236,5,5001329,42957,278900,2,11624.55,157411.16
11427,2015-06-30,2015-07-04,1,1190,5,5001329,43033,118200,2,3217.1,49108.39
11483,2016-10-22,2016-10-25,1,3144,5,5001572,42971,276200,2,10804.29,149402.68
11486,2018-02-14,2018-02-15,1,464,5,5001572,42998,52900,2,1458.66,22204.94
11505,2017-05-19,2017-05-27,2,2621,5,5001572,42925,300,2,14.42,185.77
11558,2019-04-23,2019-04-24,1,2322,5,5001572,42786,79574,3,3677.87,48047.72
11609,2016-04-28,2016-05-03,3,613,5,5001572,42891,51500,3,1777,25541.6
11673,2018-11-23,2018-11-27,1,1991,5,5001572,42969,383900,1,13165.65,189572.53
11822,2019-08-14,2019-08-19,2,1260,5,5001041,42817,81312,2,2242.09,34130.96
11906,2015-04-06,2015-04-08,3,1353,5,5001041,42993,50700,2,828.75,12846.02
11917,2015-10-19,2015-10-26,1,3369,5,5001041,42963,235500,2,6882.09,103395.09
11924,2017-05-05,2017-05-06,1,417,5,5001041,42976,21600,2,757.37,10834.65
11956,2016-09-23,2016-09-27,2,3248,5,5001041,43030,117500,3,4318.92,60909.46
12037,2019-04-01,2019-04-07,3,92,6,6001361,43037,113700,3,2982.3,45863.08
12054,2016-08-05,2016-08-08,3,1278,6,6001361,42810,128282,2,4771.81,67048.05
12112,2017-06-14,2017-06-15,1,178,6,6001361,42884,49800,1,1933.98,26805.89
12127,2019-05-01,2019-05-06,1,889,6,6001361,42837,43032,3,1106.54,17080.15
12172,2019-04-25,2019-04-26,3,2059,6,6001361,42886,49800,1,1437.09,21654.71
12335,2016-11-03,2016-11-08,1,169,6,6001793,42796,45782,1,1798.77,24838.19
12349,2018-01-08,2018-01-18,3,578,6,6001793,42796,45782,1,1798.77,24838.19
12386,2016-10-17,2016-10-21,2,378,6,6001793,42841,35332,3,1257.94,17913.78
12430,2017-06-12,2017-06-19,2,1916,6,6001793,42899,19900,2,618.17,9147.02
12479,2018-01-06,2018-01-13,2,3202,6,6001793,42968,344500,1,15539.15,204765.24
12637,2020-05-23,2020-05-30,2,1424,6,6001962,42789,21802,20,933.51,12525.79
12643,2015-08-26,2015-09-02,2,2532,6,6001962,42877,56000,2,1449.41,22345.86
12653,2016-10-10,2016-10-14,2,1937,6,6001962,42822,81686,3,1972.13,30761.4
12763,2018-02-05,2018-02-07,3,2776,6,6001962,43018,43700,2,1625.54,22840.3
12903,2019-08-23,2019-08-28,1,104,6,6001967,42756,63866,3,2291.66,32557.86
13001,2019-11-21,2019-11-25,2,1983,6,6001967,42889,51500,1,1185.86,18615.19
13014,2016-03-24,2016-03-26,2,826,6,6001967,42986,35400,2,910.29,14050.88
13042,2019-07-10,2019-07-11,3,274,6,6001967,42997,48500,2,1104.55,17361.05
13049,2020-02-06,2020-02-09,1,1252,6,6001967,42957,278900,3,11624.55,157411.16
13079,2016-03-24,2016-04-01,1,1695,6,6001426,42796,45782,2,1798.77,24838.19
13127,2016-07-15,2016-07-18,3,1117,6,6001426,43017,35800,1,1412.82,19480.78
13161,2017-05-30,2017-06-04,1,607,6,6001426,42794,30536,2,683.24,10759.34
13164,2017-06-23,2017-06-24,2,18,6,6001426,42737,165800,30,4071.85,63346.57
13188,2020-03-10,2020-03-20,2,2,6,6001426,42755,107932,1,4571.24,61565.5
13266,2019-09-11,2019-09-14,2,1540,6,6001426,42946,217300,1,7834.24,111142.11
13274,2015-01-09,2015-01-16,1,1740,6,6001426,42984,25800,2,407.37,6249.95
13298,2018-01-06,2018-01-13,1,3202,6,6001426,42968,344500,3,15539.15,204765.24
13353,2019-09-20,2019-09-21,1,1486,16,16001673,42934,178900,2,5385.16,80324.39
13373,2019-04-01,2019-04-10,1,2787,16,16001673,42901,19600,2,720.43,10160.22
13378,2016-02-05,2016-02-13,2,1017,16,16001673,42960,412500,1,6661.49,102914.54
13402,2017-06-14,2017-06-15,2,224,16,16001673,42789,21802,1,933.51,12525.79
13472,2015-08-22,2015-08-29,1,2941,16,16001673,42921,75600,2,2919.12,40535.05
13507,2019-03-02,2019-03-04,2,854,16,16001673,42889,51500,1,1185.86,18615.19
13537,2017-10-30,2017-11-04,1,1519,16,16001673,42977,11100,1,298.31,4565.59
13544,2018-04-18,2018-04-23,3,1653,16,16001673,42963,235500,20,6882.09,103395.09
13554,2019-04-22,2019-04-29,2,1784,16,16001673,42990,35300,2,855.83,13340.92
13564,2015-06-13,2015-06-20,1,853,16,16001673,43035,115900,2,2989.97,46124.85
13580,2020-01-07,2020-01-14,2,2621,16,16001673,42888,49800,1,1618.5,23661.33
13596,2020-01-10,2020-01-11,2,1819,16,16001352,42839,35332,1,1048.26,15691.57
13598,2016-09-14,2016-09-17,1,2669,16,16001352,42898,51500,1,2264.49,30107.46
13624,2017-11-16,2017-11-25,3,1702,16,16001352,43024,50800,2,1601.3,23603.63
13659,2019-08-28,2019-08-29,2,2935,16,16001352,42780,402886,1,8892.97,140223.98
13663,2015-04-29,2015-04-30,3,789,16,16001352,42861,54200,2,2342.6,31331.77
13694,2018-01-16,2018-01-19,1,1599,16,16001352,42852,15200,2,467.69,6937.46
13760,2020-02-15,2020-02-22,2,1847,16,16001352,42925,300,2,14.42,185.77
13815,2019-05-20,2019-05-22,3,789,16,16001352,43032,95300,2,3026.56,44523.68
13824,2020-02-15,2020-02-17,2,1441,16,16001352,42996,51800,1,1245.4,19437.78
13943,2018-05-04,2018-05-09,1,1460,16,16001922,42873,56000,2,2108.6,29514.95
13988,2018-01-05,2018-01-09,3,338,16,16001922,42905,45600,2,2003.79,26647.28
14012,2015-05-14,2015-05-16,2,1469,16,16001922,42966,341500,2,13507.09,186108.38
14079,2020-01-07,2020-01-14,1,2621,16,16001922,42888,49800,1,1618.5,23661.33
14114,2015-04-08,2015-04-16,3,56,16,16001518,42858,50500,3,2800.69,34193.76
14171,2016-05-18,2016-05-26,2,2532,16,16001518,42858,50500,3,2800.69,34193.76
14177,2017-02-24,2017-02-28,3,725,16,16001518,42872,56000,2,1841.85,26837.92
14294,2020-02-08,2020-02-13,1,3013,16,16001518,43016,45400,2,979.68,15476.56
14296,2020-03-30,2020-03-31,3,1122,16,16001518,42988,59800,1,2041.95,29439
14530,2016-08-26,2016-08-30,1,1040,16,16001331,43017,35800,3,1412.82,19480.78
14565,2016-01-12,2016-01-20,2,1563,16,16001302,42976,21600,2,757.37,10834.65
14673,2015-03-17,2015-03-19,3,1303,16,16001302,42934,178900,2,5385.16,80324.39
14709,2018-05-10,2018-05-11,3,820,16,16001302,42927,9100,3,151.06,2350.44
14724,2015-01-22,2015-01-23,2,1404,16,16001302,42966,341500,3,13507.09,186108.38
14839,2015-03-02,2015-03-10,1,3304,7,7001975,42893,51500,2,2214.5,29670.76
14876,2017-05-24,2017-06-01,3,2646,7,7001975,42763,211838,1,6628.48,97895.33
14887,2019-03-15,2019-03-16,2,2027,7,7001975,42814,36982,1,941.89,14563.77
14930,2018-04-20,2018-04-21,2,815,7,7001975,42845,82324,3,2696.82,39339.58
14972,2017-05-04,2017-05-11,2,1796,7,7001975,42951,304300,1,13169.29,176057.76
14996,2020-03-07,2020-03-14,1,1491,7,7001975,42895,51500,3,3428.43,38931.64
15050,2016-02-02,2016-02-06,2,2109,7,7001975,43034,100400,2,3315.53,48256.91
15182,2019-06-26,2019-07-01,2,1083,7,7001759,42755,107932,2,4571.24,61565.5
15237,2015-02-03,2015-02-08,1,1062,7,7001759,42944,368600,1,8305.16,130691.23
15355,2020-05-01,2020-05-10,2,575,7,7001759,42848,158800,2,10234.66,117758.36
15507,2020-02-07,2020-02-12,2,1626,7,7001055,42873,56000,2,2108.6,29514.95
15522,2016-03-09,2016-03-12,3,2956,7,7001055,42897,51500,1,1495.48,22501.58
15620,2017-10-23,2017-10-28,3,1422,7,7001055,43023,64300,2,3155.78,40341.47
15649,2020-03-31,2020-04-05,2,635,7,7001055,43019,41300,1,1450.74,20742.68
15717,2015-04-03,2015-04-04,1,1725,7,7001054,42816,125488,2,2548.98,40388.81
15821,2015-10-10,2015-10-11,3,970,7,7001054,42935,245600,2,6005.55,93493.07
15840,2018-06-27,2018-07-02,3,1292,7,7001054,42887,49800,3,1546.98,22890.54
15855,2015-01-15,2015-01-17,3,2621,7,7001054,42970,300100,3,9950.68,144665.25
15866,2016-04-12,2016-04-16,1,3401,7,7001054,42989,41300,2,864.79,13687.19
15954,2016-01-26,2016-01-29,1,505,7,7001075,42786,79574,2,3677.87,48047.72
15965,2015-03-02,2015-03-10,3,3304,7,7001075,42893,51500,1,2214.5,29670.76
16029,2016-02-19,2016-02-22,1,784,7,7001075,42865,19900,3,636.8,9348.91
16120,2020-02-28,2020-03-02,1,2161,7,7001075,42912,165400,3,6936.13,93730.37
16180,2017-08-30,2017-09-04,1,31,7,7001075,43027,46100,2,1506.17,21987.19
16233,2019-11-08,2019-11-16,2,1996,7,7001966,42779,955504,3,28012.58,420533.78
16245,2016-03-15,2016-03-24,1,2019,7,7001966,42912,165400,3,6936.13,93730.37
16254,2020-05-27,2020-05-30,2,2120,7,7001966,42946,217300,1,7834.24,111142.11
16261,2017-11-17,2017-11-20,1,3383,7,7001966,42991,43800,3,1616.32,22766.99
16274,2015-03-11,2015-03-16,3,854,7,7001966,42799,153604,3,5267.77,75850.74
16284,2016-10-27,2016-11-03,3,994,7,7001966,42814,36982,2,941.89,14563.77
16312,2015-08-24,2015-09-01,2,368,7,7001966,42848,158800,1,10234.66,117758.36
16350,2015-01-09,2015-01-13,2,145,7,7001966,42899,19900,2,618.17,9147.02
16405,2015-08-31,2015-09-05,3,1542,7,7001966,42970,300100,2,9950.68,144665.25
16423,2018-02-24,2018-02-26,2,2280,7,7001966,42971,276200,2,10804.29,149402.68
16459,2019-08-10,2019-08-15,2,462,7,7001966,43031,119100,3,3822.9,56077.83
16466,2020-01-20,2020-01-24,3,2754,7,7001966,42782,33739200,1,231113.52,8359580.72
16494,2016-01-11,2016-01-19,2,1415,7,7001696,42898,51500,2,2264.49,30107.46
16502,2016-01-26,2016-01-29,1,505,7,7001696,42786,79574,2,3677.87,48047.72
16506,2015-12-01,2015-12-04,1,311,7,7001696,42879,56000,3,1468.85,22588.68
16517,2016-08-31,2016-09-09,3,2945,7,7001696,42905,45600,1,2003.79,26647.28
16699,2017-05-30,2017-06-09,1,275,7,7001696,42982,1300,2,33.65,518.74
16732,2017-02-15,2017-02-23,2,3262,7,7001696,43031,119100,3,3822.9,56077.83
16750,2020-05-16,2020-05-18,1,682,7,7001696,42835,81884,3,3121.83,43525.97
16783,2020-04-04,2020-04-12,1,1145,7,7001299,43003,44200,3,1379.67,20389.21
16795,2019-08-22,2019-08-28,3,3000,7,7001299,42821,65362,1,1882.26,28376.48
16840,2017-11-20,2017-11-22,2,1343,7,7001299,42774,604890,1,10655.37,167613.7
16841,2018-07-21,2018-07-26,3,147,7,7001299,42817,81312,2,2242.09,34130.96
16899,2019-11-18,2019-11-23,2,160,7,7001299,42873,56000,2,2108.6,29514.95
16943,2019-10-15,2019-10-19,1,586,7,7001299,42921,75600,2,2919.12,40535.05
16969,2017-01-14,2017-01-22,3,2191,7,7001299,42994,57900,2,1904.34,27748.49
17069,2016-01-18,2016-01-27,1,1821,7,7001529,42826,53724,2,1645.3,24434.68
17102,2019-05-07,2019-05-15,3,2621,7,7001529,42963,235500,3,6882.09,103395.09
17110,2015-01-08,2015-01-12,1,245,7,7001529,42754,123750,2,3325.78,50900.11
17157,2016-06-24,2016-06-29,1,2327,7,7001529,42874,56000,2,3503.72,40797.25
17202,2015-01-07,2015-01-14,3,2742,7,7001529,42939,291500,2,8193.99,124211.82
17257,2016-01-13,2016-01-15,1,2788,7,7001529,42994,57900,2,1904.34,27748.49
17343,2015-05-29,2015-06-06,1,871,7,7001080,42844,181038,1,5170.9,78102.65
17345,2016-11-28,2016-12-01,2,2933,7,7001080,42848,158800,3,10234.66,117758.36
17523,2016-01-28,2016-02-02,1,2243,7,7001080,43015,48300,2,1002.75,15877.05
17533,2017-05-17,2017-05-22,3,2092,7,7001080,42956,209300,3,7056.04,102101.86
17621,2016-05-02,2016-05-08,1,2003,7,7001353,42759,180048,2,5295.53,79436.72
17645,2018-11-13,2018-11-19,2,1653,7,7001353,42909,150000,2,5835.77,80839.51
17720,2017-06-09,2017-06-16,1,2048,7,7001353,42884,49800,2,1933.98,26805.89
17806,2017-11-10,2017-11-14,1,657,7,7001353,43001,62500,2,1066.96,16699.01
17934,2018-03-05,2018-03-06,2,958,8,8001370,42778,280764,2,4492.22,69211.83
18000,2018-08-24,2018-08-29,3,1892,8,8001370,42861,54200,3,2342.6,31331.77
18114,2019-12-24,2019-12-28,3,441,8,8001370,42978,11200,3,258.86,4061.68
18118,2015-05-05,2015-05-10,3,1755,8,8001370,43026,53000,3,1825.56,26252.88
18209,2016-10-01,2016-10-03,1,226,8,8001677,42775,320606,2,10474.76,152911.63
18344,2015-06-12,2015-06-13,2,899,8,8001677,42998,52900,1,1458.66,22204.94
18346,2016-01-09,2016-01-17,2,1812,8,8001677,42970,300100,2,9950.68,144665.25
18359,2016-12-28,2016-12-29,1,3399,8,8001677,42985,145600,1,4624,68023.59
18435,2018-01-18,2018-01-26,3,157,8,8001427,42817,81312,20,2242.09,34130.96
18481,2017-10-13,2017-10-16,2,1392,8,8001427,42758,181918,2,2930.9,45249.38
18512,2015-08-07,2015-08-14,3,2279,8,8001427,42870,17800,1,532.21,7951.64
18518,2016-01-26,2016-01-28,2,533,8,8001427,42860,58700,2,1278.82,20187.2
18524,2016-06-20,2016-06-25,3,2288,8,8001427,42874,56000,2,3503.72,40797.25
18541,2017-10-27,2017-10-31,1,1378,8,8001427,42843,68420,2,1428.55,22613.11
18609,2020-03-19,2020-03-20,2,1155,8,8001427,42896,51500,1,1971.71,27453.81
18674,2020-02-04,2020-02-07,1,580,8,8001427,43024,50800,2,1601.3,23603.63
18730,2019-12-20,2019-12-28,1,136,8,8002731,42964,282400,2,13440.81,173751.13
18733,2015-07-10,2015-07-16,3,1990,8,8002731,43023,64300,1,3155.78,40341.47
18805,2017-03-10,2017-03-18,1,1856,8,8002731,42836,82324,2,4149.8,52528.12
18854,2016-05-23,2016-05-25,1,3004,8,8002731,42938,267900,2,4128.3,62784.47
18939,2016-11-29,2016-12-02,3,740,8,8002731,43032,95300,1,3026.56,44523.68
19156,2015-01-16,2015-01-20,3,1249,8,8002024,42975,21500,2,486.72,7655.28
19392,2015-05-06,2015-05-13,3,1727,8,8002630,42942,274900,1,9510.52,136592.84
19415,2017-10-25,2017-10-30,1,2452,8,8002630,42948,278600,1,9432.12,136319.08
19416,2017-11-16,2017-11-21,3,1112,8,8002630,42941,297100,1,4985.58,77761.93
19471,2017-03-18,2017-03-23,1,405,8,8002630,42958,376300,3,13831.57,195065.78
19600,2017-10-20,2017-10-27,2,1987,9,9002486,42769,303908,3,8576.54,129896.32
19612,2019-01-14,2019-01-15,3,1772,9,9002486,42810,128282,2,4771.81,67048.05
19623,2019-10-11,2019-10-15,2,1952,9,9002486,42800,164274,2,2503.22,37898.26
19700,2017-06-23,2017-06-26,1,2305,9,9002486,42936,354900,2,10178.26,153591.18
19753,2017-06-19,2017-06-23,1,3361,9,9002486,42970,300100,2,9950.68,144665.25
19789,2018-05-14,2018-05-15,3,95,9,9002486,43023,64300,2,3155.78,40341.47
19821,2019-08-24,2019-08-27,1,2894,9,9002768,42886,49800,2,1437.09,21654.71
19921,2019-03-15,2019-03-20,2,2299,9,9002768,42884,49800,3,1933.98,26805.89
19923,2019-09-05,2019-09-07,3,1382,9,9002768,42845,82324,2,2696.82,39339.58
19993,2016-06-04,2016-06-09,3,2850,9,9002768,42985,145600,2,4624,68023.59
20022,2019-05-18,2019-05-23,2,242,9,9002768,42995,36400,2,1476.22,20173.47
20124,2016-06-21,2016-06-22,1,2017,9,9002075,42793,87186,3,1346.11,20487.4
20156,2015-05-13,2015-05-14,3,599,9,9002075,42828,90618,1,4835.16,59911.07
20200,2015-07-21,2015-07-28,1,2001,9,9002075,42902,25800,2,798.57,11827.42
20265,2016-08-26,2016-08-31,1,1142,9,9002075,42983,35400,1,972.46,14815.44
20450,2018-04-17,2018-04-22,2,1410,10,10002779,42828,90618,3,4835.16,59911.07
20453,2018-07-16,2018-07-21,2,1530,10,10002779,42853,72700,3,2372.1,34640.75
20619,2020-03-28,2020-04-02,2,1925,10,10002779,42999,54700,2,1173.05,18539.48
20677,2015-07-25,2015-07-30,3,1470,10,10002468,42799,153604,30,5267.77,75850.74
20702,2018-07-10,2018-07-17,1,3362,10,10002468,42812,37664,1,911.87,14217.35
20713,2019-05-30,2019-05-31,1,2674,10,10002468,42787,136642,2,4018.88,60286.11
20738,2016-05-23,2016-05-26,3,3380,10,10002468,42836,82324,3,4149.8,52528.12
20905,2015-07-15,2015-07-16,3,144,10,10002351,42811,25599200,2,172042.62,6223280.64
20945,2019-07-13,2019-07-16,3,1908,10,10002351,42975,21500,1,486.72,7655.28
21007,2016-04-15,2016-04-16,3,1500,10,10002351,42842,35332,2,997.1,15101.6
21065,2016-08-02,2016-08-05,1,2808,10,10002351,42895,51500,30,3428.43,38931.64
21081,2017-11-15,2017-11-22,2,1535,10,10002351,42909,150000,2,5835.77,80839.51
21113,2016-05-19,2016-05-21,2,1008,10,10002351,43011,38700,2,615.05,9456.36
21138,2019-05-23,2019-05-24,1,3237,10,10002351,42976,21600,2,757.37,10834.65
21203,2016-12-02,2016-12-11,3,45,10,10002508,42791,25828,2,714.88,10873.64
21210,2020-05-07,2020-05-10,1,2096,10,10002508,42871,56000,2,2471.72,32819.4
21336,2019-04-27,2019-05-02,2,2967,10,10002508,42867,19900,3,561.6,8505.66
21354,2016-04-16,2016-04-17,1,1452,10,10002508,42918,78900,3,1735.8,27378.18
21412,2015-06-12,2015-06-17,1,3001,10,10002508,43003,44200,2,1379.67,20389.21
21540,2016-07-09,2016-07-12,3,1692,10,10002411,43039,81500,2,1849.42,29080.5
21543,2018-03-12,2018-03-15,2,610,10,10002411,43043,115900,3,2989.97,46124.85
21559,2017-01-17,2017-01-19,1,1526,10,10002411,42788,42196,2,1486.27,21233.39
21603,2016-05-18,2016-05-22,2,1225,10,10002411,42851,13700,3,399.51,6005.18
21619,2018-04-17,2018-04-22,2,1410,10,10002411,42828,90618,2,4835.16,59911.07
21758,2015-07-02,2015-07-07,2,1933,10,10002411,43026,53000,3,1825.56,26252.88
21773,2020-02-14,2020-02-19,2,1210,10,10002411,43032,95300,1,3026.56,44523.68
21776,2020-04-13,2020-04-16,3,321,10,10002411,42971,276200,1,10804.29,149402.68
21791,2015-11-17,2015-11-20,1,1376,10,10002120,42871,56000,1,2471.72,32819.4
21803,2019-11-28,2019-12-01,3,802,10,10002120,42951,304300,2,13169.29,176057.76
21819,2020-05-07,2020-05-10,2,2096,10,10002120,42871,56000,1,2471.72,32819.4
21828,2018-03-31,2018-04-06,3,1069,10,10002120,42946,217300,1,7834.24,111142.11
21888,2015-03-18,2015-03-19,3,450,10,10002120,42838,89738,2,2429.11,37122.15
22085,2016-04-23,2016-04-24,3,887,10,10002157,42861,54200,2,2342.6,31331.77
22111,2016-02-15,2016-02-18,1,471,10,10002157,42948,278600,1,9432.12,136319.08
22179,2015-09-02,2015-09-05,3,2039,10,10002157,42857,54200,3,1529.57,23166.16
22188,2016-07-19,2016-07-22,2,1188,10,10002157,42862,51200,1,884.71,13876.06
22243,2016-08-02,2016-08-05,3,2808,10,10002157,42895,51500,2,3428.43,38931.64
22314,2017-07-08,2017-07-12,3,1442,10,10002157,42977,11100,1,298.31,4565.59
22327,2019-03-19,2019-03-24,3,32,10,10002157,42957,278900,1,11624.55,157411.16
22392,2016-12-30,2017-01-02,1,1360,11,11002063,42848,158800,2,10234.66,117758.36
22455,2015-12-24,2015-12-25,3,1207,11,11002063,42874,56000,1,3503.72,40797.25
22501,2015-05-08,2015-05-13,3,916,11,11002063,42942,274900,2,9510.52,136592.84
22570,2018-02-16,2018-02-21,1,1608,11,11002063,42967,336500,3,8300.33,129039.61
22597,2020-03-13,2020-03-20,2,1622,11,11002063,42871,56000,2,2471.72,32819.4
22642,2018-08-27,2018-08-30,1,267,11,11002059,42906,32100,1,1035.13,15165.26
22757,2017-02-04,2017-02-09,2,1363,11,11002059,42895,51500,2,3428.43,38931.64
22953,2017-05-12,2017-05-17,1,234,11,11002784,42852,15200,1,467.69,6937.46
23035,2017-08-19,2017-08-22,2,3353,11,11002784,42974,21400,2,640.56,9567.88
23061,2016-01-15,2016-01-20,2,1144,11,11002784,43042,112100,2,3930.59,56229.83
23120,2019-02-01,2019-02-09,2,1110,11,11002532,42888,49800,2,1618.5,23661.33
23335,2018-01-23,2018-01-24,3,3350,12,12002427,42818,190762,3,6035.58,88878.19
23373,2015-03-23,2015-03-27,3,373,12,12002427,42810,128282,3,4771.81,67048.05
23430,2017-12-09,2017-12-10,1,1638,12,12002427,42878,56000,1,1904,27484.17
23452,2015-06-01,2015-06-03,1,1501,12,12002427,42904,13500,2,405,6046
23485,2020-04-16,2020-04-21,2,390,12,12002427,42921,75600,3,2919.12,40535.05
23628,2018-06-26,2018-07-01,3,132,12,12002786,42813,37796,1,594.25,9104.07
23697,2016-07-21,2016-07-22,3,229,12,12002786,42905,45600,3,2003.79,26647.28
23710,2017-08-26,2017-09-03,1,2820,12,12002786,42943,219000,2,4771.07,75315.11
23715,2018-01-29,2018-02-05,3,1730,12,12002786,42900,24500,2,890.08,12597.88
23720,2019-05-10,2019-05-14,1,1636,12,12002786,42899,19900,2,618.17,9147.02
23748,2017-06-20,2017-06-23,1,881,12,12002786,42962,224100,2,6507.52,97914.64
23875,2017-05-04,2017-05-11,2,1430,12,12002614,42872,56000,3,1841.85,26837.92
23876,2017-06-16,2017-06-23,1,1188,12,12002614,42835,81884,1,3121.83,43525.97
23912,2017-01-05,2017-01-08,3,556,12,12002614,42914,148900,3,5430.47,76770
24036,2018-05-12,2018-05-20,1,436,12,12002599,42864,19900,1,818.53,11133.26
24095,2015-08-04,2015-08-12,1,321,12,12002599,42874,56000,3,3503.72,40797.25
24114,2018-07-18,2018-07-22,3,671,12,12002599,42861,54200,3,2342.6,31331.77
24139,2016-01-02,2016-01-09,2,60,12,12002599,42901,19600,3,720.43,10160.22
24148,2016-12-30,2017-01-01,3,1385,12,12002599,42900,24500,2,890.08,12597.88
24276,2018-07-23,2018-07-29,2,1355,12,12002589,42945,321000,1,6572.86,104124.7
24301,2017-03-28,2017-04-04,1,1377,12,12002589,42765,193842,2,6590.63,95135.48
24324,2015-02-19,2015-03-01,3,380,12,12002589,42839,35332,3,1048.26,15691.57
24433,2015-03-31,2015-04-08,2,1794,12,12002589,43025,55000,1,2644.23,34057.69
24529,2018-02-14,2018-02-15,3,905,17,17003917,42772,656986,2,22305.73,322114.41
24589,2015-10-21,2015-10-26,3,1338,17,17003917,42913,135700,2,2956.32,46667.86
24785,2015-05-04,2015-05-09,1,1092,17,17003172,42884,49800,1,1933.98,26805.89
24823,2015-04-30,2015-05-01,3,733,17,17003172,42915,176500,2,5630.82,82734.28
24824,2015-04-30,2015-05-07,3,3087,17,17003172,42909,150000,2,5835.77,80839.51
24914,2018-08-11,2018-08-14,1,196,17,17003172,43019,41300,2,1450.74,20742.68
24924,2020-02-26,2020-02-28,2,1178,17,17003172,42822,81686,2,1972.13,30761.4
24960,2019-08-29,2019-09-07,2,9,17,17003607,42846,284658,2,7272.94,112393.1
24973,2015-02-20,2015-02-28,1,935,17,17003607,42794,30536,1,683.24,10759.34
25058,2015-01-01,2015-01-03,3,1112,17,17003607,42905,45600,2,2003.79,26647.28
25356,2016-06-24,2016-07-04,3,1848,17,17003111,42980,11400,3,249.16,3932.16
25369,2017-09-20,2017-09-27,2,1822,17,17003111,42980,11400,2,249.16,3932.16
25405,2017-07-19,2017-07-21,2,39,17,17003111,43019,41300,2,1450.74,20742.68
25518,2016-03-01,2016-03-11,1,1379,17,17003558,42877,56000,2,1449.41,22345.86
25567,2018-01-08,2018-01-13,2,854,17,17003558,42925,300,1,14.42,185.77
25584,2020-04-20,2020-04-23,2,569,17,17003558,42913,135700,1,2956.32,46667.86
25729,2018-07-13,2018-07-18,2,1425,17,17003167,42818,190762,2,6035.58,88878.19
25751,2016-02-18,2016-02-21,3,2951,17,17003167,42843,68420,3,1428.55,22613.11
25786,2015-08-27,2015-09-06,3,851,17,17003167,42894,51500,2,907.19,14270.54
25807,2018-02-12,2018-02-19,2,2671,17,17003167,42908,147800,1,4526.38,67222.19
25810,2018-11-02,2018-11-06,3,1147,17,17003167,42906,32100,1,1035.13,15165.26
25881,2018-06-25,2018-06-30,1,2881,17,17003167,43037,113700,2,2982.3,45863.08
25901,2020-04-16,2020-04-18,2,576,17,17003167,43022,42200,1,669.21,10281.72
25928,2018-02-09,2018-02-18,3,1192,18,18003712,42848,158800,1,10234.66,117758.36
25993,2016-10-07,2016-10-08,1,2719,18,18003712,42884,49800,2,1933.98,26805.89
26228,2016-07-06,2016-07-13,2,1063,18,18003502,42869,19900,2,542.62,8279.84
26242,2017-11-08,2017-11-15,1,2904,18,18003502,42835,81884,1,3121.83,43525.97
26463,2020-05-27,2020-06-01,2,874,18,18003481,42775,320606,3,10474.76,152911.63
26476,2016-08-06,2016-08-09,3,178,18,18003481,42871,56000,3,2471.72,32819.4
26483,2017-02-17,2017-02-24,1,1649,18,18003481,42838,89738,3,2429.11,37122.15
26561,2015-06-30,2015-07-05,3,1094,18,18003481,43005,42100,1,1065.52,16493.68
26626,2020-04-14,2020-04-17,2,177,18,18003481,42956,209300,1,7056.04,102101.86
26631,2017-06-01,2017-06-09,1,184,18,18003664,42754,123750,3,3325.78,50900.11
26665,2017-08-25,2017-09-03,3,1141,18,18003664,42982,1300,2,33.65,518.74
26680,2016-11-08,2016-11-09,3,2620,18,18003664,42779,955504,2,28012.58,420533.78
26741,2019-09-06,2019-09-14,2,3362,18,18003664,42846,284658,1,7272.94,112393.1
26790,2015-01-15,2015-01-18,3,721,18,18003664,43012,51000,1,1192.3,18680.95
26852,2019-10-25,2019-11-01,2,1846,18,18003664,43037,113700,2,2982.3,45863.08
26866,2018-02-03,2018-02-06,2,936,18,18003859,42770,359722,1,6122.93,95776.66
26934,2018-09-17,2018-09-20,3,2846,18,18003859,42755,107932,2,4571.24,61565.5
26980,2018-08-25,2018-08-28,2,1659,18,18003859,42827,51238,2,823.58,12706.37
26998,2020-01-27,2020-01-31,1,2936,18,18003859,42859,61000,1,2030.94,29492.26
27053,2016-07-20,2016-07-22,3,169,18,18003859,43000,37400,3,1016.07,15516.04
27088,2016-04-02,2016-04-12,1,2805,18,18003859,43019,41300,1,1450.74,20742.68
27097,2019-09-06,2019-09-07,2,384,18,18003859,43036,74400,1,1527.57,24197.13
27109,2020-05-22,2020-05-27,2,178,18,18003859,42976,21600,3,757.37,10834.65
27117,2016-10-29,2016-10-30,2,1373,19,19003250,42852,15200,2,467.69,6937.46
27203,2017-04-19,2017-04-29,2,3032,19,19003250,42856,48100,2,1166.17,18178.43
27317,2019-03-20,2019-03-30,2,2910,19,19003250,42994,57900,2,1904.34,27748.49
27457,2017-11-02,2017-11-05,3,1397,20,20003186,42819,86042,2,2264.51,34801.9
27539,2016-12-14,2016-12-18,2,804,20,20003186,42952,397800,3,6439.39,99550.13
27625,2015-04-04,2015-04-12,1,669,20,20003752,42983,35400,3,972.46,14815.44
27706,2015-12-07,2015-12-08,3,1159,20,20003752,42821,65362,2,1882.26,28376.48
27719,2018-01-12,2018-01-17,1,1171,20,20003752,42823,90442,2,3142.86,45080.01
27762,2018-05-23,2018-05-28,3,1601,20,20003752,42948,278600,2,9432.12,136319.08
27839,2017-10-14,2017-10-19,2,1547,20,20003752,43023,64300,3,3155.78,40341.47
27942,2015-03-10,2015-03-17,3,1626,20,20003082,42873,56000,2,2108.6,29514.95
27968,2018-03-21,2018-03-28,1,24,20,20003082,42842,35332,2,997.1,15101.6
28102,2017-03-01,2017-03-04,1,3361,20,20003186,42876,56000,3,910.89,14100.66
28132,2017-07-15,2017-07-23,3,2789,20,20003186,42898,51500,2,2264.49,30107.46
28133,2018-10-06,2018-10-12,2,1557,20,20003186,42908,147800,2,4526.38,67222.19
28134,2019-11-13,2019-11-22,1,175,20,20003186,42928,12300,2,202.59,3146.28
28185,2016-02-13,2016-02-16,1,1847,20,20003186,42848,158800,2,10234.66,117758.36
28191,2016-11-03,2016-11-11,3,3159,20,20003186,42872,56000,2,1841.85,26837.92
28240,2017-09-26,2017-09-28,1,1115,20,20003186,42895,51500,1,3428.43,38931.64
28265,2016-06-08,2016-06-10,1,1064,20,20003186,42957,278900,2,11624.55,157411.16
28270,2016-11-01,2016-11-06,3,3359,20,20003186,42996,51800,3,1245.4,19437.78
28416,2019-12-13,2019-12-15,2,692,21,21003300,42756,63866,3,2291.66,32557.86
28443,2018-04-12,2018-04-17,2,1285,21,21003300,42855,113000,1,2438.42,38520.96
28445,2018-11-13,2018-11-16,2,2954,21,21003300,42859,61000,3,2030.94,29492.26
28624,2018-04-19,2018-04-25,2,1156,21,21003363,42829,90618,1,1623.87,25599.6
28670,2019-11-01,2019-11-06,2,311,21,21003363,42801,280280,1,4484.48,69092.52
28726,2015-10-24,2015-10-27,2,1514,21,21003363,42922,74100,1,2408.25,35206.92
28752,2018-06-06,2018-06-10,2,836,21,21003363,42885,49800,3,1569.78,23138.99
28786,2017-05-06,2017-05-13,2,1762,21,21003363,42991,43800,2,1616.32,22766.99
28801,2019-02-07,2019-02-11,2,2703,21,21003363,42951,304300,2,13169.29,176057.76
28806,2019-09-20,2019-09-27,2,1840,21,21003363,42951,304300,1,13169.29,176057.76
28827,2019-06-15,2019-06-20,2,462,21,21003363,43025,55000,3,2644.23,34057.69
28839,2020-03-28,2020-04-03,2,135,21,21003363,42783,245234,1,5325.5,84088.75
28853,2020-04-22,2020-04-30,2,317,21,21003099,42854,111500,2,3764.24,54447.19
28859,2019-01-26,2019-02-03,2,1717,21,21003099,42902,25800,20,798.57,11827.42
28910,2016-12-23,2016-12-30,2,1138,21,21003099,42787,136642,2,4018.88,60286.11
28938,2016-04-09,2016-04-14,2,2788,21,21003099,42864,19900,1,818.53,11133.26
28944,2017-01-18,2017-01-23,2,346,21,21003099,42858,50500,2,2800.69,34193.76
28998,2017-10-28,2017-10-31,2,828,21,21003099,42912,165400,1,6936.13,93730.37
29020,2019-09-11,2019-09-13,2,356,21,21003099,42943,219000,1,4771.07,75315.11
29065,2020-01-15,2020-01-20,2,1165,21,21003099,42977,11100,2,298.31,4565.59
29124,2015-06-18,2015-06-24,2,1056,21,21003303,42828,90618,2,4835.16,59911.07
29145,2020-03-14,2020-03-17,2,3406,21,21003303,42964,282400,1,13440.81,173751.13
29208,2018-03-06,2018-03-07,2,911,21,21003303,42853,72700,2,2372.1,34640.75
29212,2019-03-13,2019-03-17,2,1532,21,21003303,42847,284658,2,10546.35,148370
29218,2019-10-01,2019-10-06,2,159,21,21003303,42842,35332,20,997.1,15101.6
29238,2016-09-26,2016-10-06,2,1873,21,21003303,42901,19600,3,720.43,10160.22
29330,2017-10-20,2017-10-24,2,2640,21,21003303,43043,115900,1,2989.97,46124.85
29379,2016-11-30,2016-12-08,2,1683,21,21003339,42883,49800,2,1025.29,16239.35
29412,2016-09-27,2016-10-02,2,3333,21,21003339,42788,42196,2,1486.27,21233.39
29530,2019-07-24,2019-07-31,2,1309,21,21003339,42926,7900,2,169.94,2685.27
29643,2017-08-09,2017-08-10,2,3127,21,21003766,43006,51900,2,950.77,15021.54
29688,2018-01-26,2018-01-27,2,856,21,21003766,42759,180048,3,5295.53,79436.72
29801,2015-02-09,2015-02-10,2,275,21,21003766,43000,37400,1,1016.07,15516.04
29812,2016-11-05,2016-11-08,2,132,21,21003766,43010,38700,2,574.81,8602.4
29813,2016-11-25,2016-11-30,2,24,21,21003766,42969,383900,2,13165.65,189572.53
29993,2018-05-22,2018-05-26,2,525,22,22003576,42880,56000,2,1369.34,21317.64
30002,2019-09-04,2019-09-11,2,679,22,22003576,42868,19900,2,640.07,9383.88
30006,2020-01-02,2020-01-03,2,3005,22,22003576,42836,82324,2,4149.8,52528.12
30012,2015-08-04,2015-08-11,2,2889,22,22003576,42914,148900,1,5430.47,76770
30098,2017-01-11,2017-01-15,2,3360,22,22003576,43018,43700,2,1625.54,22840.3
30134,2018-09-15,2018-09-23,2,1409,22,22003643,42831,36960,1,1741.74,22596.46
30203,2018-11-19,2018-11-20,2,1628,22,22003643,42795,54318,3,2423.42,32057.31
30224,2015-07-25,2015-07-30,2,3142,22,22003643,42837,43032,1,1106.54,17080.15
30240,2017-08-01,2017-08-06,2,725,22,22003643,42834,81884,2,1734.83,27439.75
30260,2020-02-22,2020-02-25,2,466,22,22003643,42846,284658,2,7272.94,112393.1
30300,2019-04-22,2019-04-26,2,1668,22,22003643,42897,51500,2,1495.48,22501.58
30322,2016-08-06,2016-08-11,2,1086,22,22003643,43007,40700,3,870.14,13755.03
30329,2017-08-21,2017-08-23,2,1430,22,22003643,42954,255400,2,6327.82,98303.82
30335,2018-01-31,2018-02-03,2,1581,22,22003643,43013,35400,3,570.33,8805.22
30376,2020-03-03,2020-03-05,2,79,22,22003643,42859,61000,2,2030.94,29492.26
30382,2020-05-19,2020-05-23,2,559,22,22003643,42948,278600,2,9432.12,136319.08
30421,2018-03-01,2018-03-10,3,1200,23,23003876,42907,45600,2,946.7,14989.51
30447,2016-05-27,2016-05-28,3,1864,23,23003876,42797,484550,3,10767.78,169679.17
30456,2018-03-02,2018-03-06,1,654,23,23003876,42768,192368,2,5151.55,78899.72
30501,2019-08-24,2019-08-25,1,638,23,23003876,42823,90442,3,3142.86,45080.01
30543,2019-06-10,2019-06-11,2,1846,23,23003876,42934,178900,2,5385.16,80324.39
30549,2020-04-07,2020-04-12,2,636,23,23003876,42893,51500,2,2214.5,29670.76
30637,2018-10-26,2018-10-29,2,1542,23,23003504,42924,62500,2,1569.66,24329.8
30648,2018-05-11,2018-05-19,1,486,23,23003504,42780,402886,3,8892.97,140223.98
30662,2017-12-23,2017-12-26,2,2816,23,23003504,42921,75600,3,2919.12,40535.05
30712,2019-10-17,2019-10-20,3,694,23,23003504,42791,25828,2,714.88,10873.64
30750,2018-08-25,2018-09-02,2,1629,23,23003504,42841,35332,2,1257.94,17913.78
30793,2018-11-09,2018-11-12,3,1806,23,23003504,42912,165400,2,6936.13,93730.37
30828,2018-10-23,2018-10-28,2,3125,23,23003504,42979,11300,2,236.61,3744.92
31005,2019-09-20,2019-09-25,2,3177,23,23003166,42857,54200,3,1529.57,23166.16
31168,2019-06-17,2019-06-26,1,561,23,23003412,42961,286700,2,4608.31,71097.96
31210,2015-12-17,2015-12-24,3,2933,23,23003412,42848,158800,1,10234.66,117758.36
31321,2015-07-11,2015-07-13,3,3031,23,23003412,43031,119100,1,3822.9,56077.83
31339,2019-05-20,2019-05-21,2,3199,23,23003412,43026,53000,1,1825.56,26252.88
31360,2017-02-08,2017-02-16,3,3102,23,23003346,42847,284658,2,10546.35,148370
31508,2019-06-10,2019-06-11,1,1846,23,23003346,42934,178900,2,5385.16,80324.39
31604,2018-01-26,2018-01-27,1,400,23,23003537,42986,35400,1,910.29,14050.88
31656,2018-03-24,2018-04-03,3,782,23,23003537,42787,136642,2,4018.88,60286.11
31683,2016-09-08,2016-09-13,3,3103,23,23003537,42875,56000,3,2336.92,31631.91
31721,2016-05-18,2016-05-23,1,2851,23,23003537,42919,65400,2,1783.29,27211.15
31766,2017-10-09,2017-10-19,2,692,23,23003537,42966,341500,2,13507.09,186108.38
31810,2015-05-09,2015-05-17,3,863,23,23003603,42757,178442,2,4474.64,69375.25
31836,2020-03-16,2020-03-22,3,390,23,23003603,42789,21802,2,933.51,12525.79
31867,2017-10-25,2017-11-04,2,377,23,23003603,42799,153604,1,5267.77,75850.74
31884,2019-06-22,2019-06-26,1,374,23,23003603,42783,245234,1,5325.5,84088.75
31921,2018-07-05,2018-07-06,1,1019,23,23003603,42850,27900,1,607.82,9594.94
31967,2018-04-17,2018-04-25,3,1240,23,23003603,42912,165400,2,6936.13,93730.37
31973,2018-11-09,2018-11-13,3,943,23,23003603,42900,24500,3,890.08,12597.88
32024,2020-04-15,2020-04-19,2,897,23,23003603,42989,41300,2,864.79,13687.19
32033,2017-04-13,2017-04-23,3,571,23,23003603,43018,43700,2,1625.54,22840.3
32179,2017-01-14,2017-01-19,2,3181,23,23003054,42905,45600,2,2003.79,26647.28
32213,2017-02-24,2017-02-25,1,176,23,23003054,42968,344500,2,15539.15,204765.24
32247,2015-07-03,2015-07-08,3,2716,23,23003054,43030,117500,1,4318.92,60909.46
32360,2018-10-02,2018-10-10,2,1766,24,24003751,42779,955504,2,28012.58,420533.78
32422,2015-11-10,2015-11-15,1,142,24,24003751,42933,115400,2,3206.32,48729.06
32530,2015-10-08,2015-10-16,1,1175,24,24003855,42921,75600,1,2919.12,40535.05
32613,2015-03-17,2015-03-18,3,1635,24,24003855,42860,58700,1,1278.82,20187.2
32820,2018-12-18,2018-12-21,2,573,24,24003919,42916,135600,2,2294.77,35854.95
32921,2020-01-16,2020-01-21,2,597,24,24003919,42845,82324,2,2696.82,39339.58
33095,2015-07-07,2015-07-08,1,806,24,24003595,42818,190762,3,6035.58,88878.19
33119,2018-04-14,2018-04-16,1,48,24,24003595,42785,159742,10,4218.6,64790
33125,2019-04-12,2019-04-14,1,16,24,24003595,42796,45782,2,1798.77,24838.19
33223,2017-09-08,2017-09-09,1,598,24,24003595,42991,43800,3,1616.32,22766.99
33244,2015-06-22,2015-06-27,3,1868,24,24003595,43034,100400,2,3315.53,48256.91
33253,2017-04-07,2017-04-12,2,929,24,24003595,43039,81500,2,1849.42,29080.5
33256,2018-09-08,2018-09-13,1,1032,24,24003595,43021,43500,2,1518.4,21750.66
33354,2017-08-28,2017-09-02,1,579,24,24003816,42777,255750,2,6848.9,104895.85
33371,2020-04-03,2020-04-08,3,1811,24,24003816,42768,192368,2,5151.55,78899.72
33373,2015-05-07,2015-05-10,1,1119,24,24003816,42847,284658,2,10546.35,148370
33435,2017-04-10,2017-04-11,3,2958,24,24003816,42891,51500,3,1777,25541.6
33511,2016-01-06,2016-01-14,1,3158,24,24003816,43024,50800,3,1601.3,23603.63
33569,2015-02-18,2015-02-26,1,1428,24,24003433,43018,43700,1,1625.54,22840.3
33627,2017-10-09,2017-10-17,3,839,24,24003433,42786,79574,1,3677.87,48047.72
33900,2019-10-23,2019-10-24,3,3162,24,24003603,42792,47982,2,814.34,12731.04
33943,2020-05-13,2020-05-14,2,1342,24,24003603,42878,56000,2,1904,27484.17
33944,2015-02-16,2015-02-20,3,258,24,24003603,42929,32100,1,527.36,8184.85
34089,2019-02-18,2019-02-21,2,3216,24,24003047,42959,414100,1,7318.98,115183.08
34100,2019-05-04,2019-05-12,3,1428,24,24003047,42766,701162,3,22437.18,329402.03
34437,2016-08-26,2016-08-27,1,386,25,25003478,42867,19900,2,561.6,8505.66
34707,2019-04-13,2019-04-14,2,1747,25,25003287,42835,81884,1,3121.83,43525.97
34814,2015-03-19,2015-03-24,3,1641,25,25003287,43031,119100,2,3822.9,56077.83
34850,2015-04-21,2015-04-29,1,753,25,25003916,42872,56000,2,1841.85,26837.92
34872,2019-07-22,2019-07-30,2,2884,25,25003916,42969,383900,3,13165.65,189572.53
34972,2017-10-27,2017-11-06,3,286,25,25003916,42893,51500,3,2214.5,29670.76
35006,2016-06-02,2016-06-10,1,1289,25,25003916,43000,37400,2,1016.07,15516.04
35307,2020-05-11,2020-05-12,2,1849,25,25003622,42931,32400,2,759.42,11894.62
35369,2018-04-09,2018-04-17,1,317,25,25003950,42810,128282,2,4771.81,67048.05
35393,2015-12-16,2015-12-21,3,1530,25,25003950,42831,36960,1,1741.74,22596.46
35468,2018-11-23,2018-12-01,2,842,25,25003950,42887,49800,2,1546.98,22890.54
35492,2016-03-05,2016-03-09,1,3221,25,25003950,42956,209300,3,7056.04,102101.86
35525,2019-06-04,2019-06-14,2,3309,25,25003950,42962,224100,2,6507.52,97914.64
35596,2017-02-28,2017-03-06,2,58,25,25003599,42756,63866,3,2291.66,32557.86
35671,2017-02-06,2017-02-10,2,677,25,25003599,42858,50500,3,2800.69,34193.76
35698,2015-06-25,2015-06-26,3,900,25,25003599,42939,291500,2,8193.99,124211.82
35778,2020-01-10,2020-01-11,2,871,25,25003599,42964,282400,2,13440.81,173751.13
35792,2016-11-29,2016-12-07,3,713,25,25003599,43042,112100,3,3930.59,56229.83
35879,2016-09-27,2016-10-01,3,373,25,25003110,42779,955504,1,28012.58,420533.78
35905,2015-09-16,2015-09-24,3,1423,25,25003110,42873,56000,1,2108.6,29514.95
35970,2017-08-08,2017-08-15,3,1638,25,25003110,42898,51500,2,2264.49,30107.46
35976,2017-12-20,2017-12-25,2,797,25,25003110,42926,7900,1,169.94,2685.27
35988,2019-04-27,2019-04-29,2,1006,25,25003110,42904,13500,1,405,6046
36062,2018-03-23,2018-03-26,3,900,25,25003110,43034,100400,1,3315.53,48256.91
36172,2016-09-21,2016-09-29,1,1415,25,25003728,42864,19900,2,818.53,11133.26
36195,2019-05-14,2019-05-21,2,382,25,25003728,42858,50500,2,2800.69,34193.76
36201,2020-01-14,2020-01-19,2,334,25,25003728,42820,65274,3,1422.04,22448.03
36318,2018-06-08,2018-06-13,2,781,25,25003728,43023,64300,1,3155.78,40341.47
36341,2018-08-20,2018-08-21,2,483,26,26003455,42868,19900,2,640.07,9383.88
36363,2020-03-31,2020-04-03,2,3165,26,26003455,43025,55000,2,2644.23,34057.69
36371,2016-04-27,2016-05-01,3,1221,26,26003455,42810,128282,1,4771.81,67048.05
36439,2015-07-28,2015-07-31,1,164,26,26003455,42898,51500,2,2264.49,30107.46
36534,2020-01-18,2020-01-21,3,1881,26,26003455,42925,300,2,14.42,185.77
36712,2019-05-04,2019-05-06,2,741,26,26003032,42967,336500,3,8300.33,129039.61
36781,2015-10-16,2015-10-25,3,1540,26,26003193,42906,32100,2,1035.13,15165.26
36792,2020-03-31,2020-04-03,2,3165,26,26003193,43025,55000,3,2644.23,34057.69
36833,2015-11-12,2015-11-20,3,1578,26,26003193,42840,35332,1,855.41,13337.07
36858,2019-09-11,2019-09-14,2,1584,26,26003193,42861,54200,2,2342.6,31331.77
36891,2018-08-07,2018-08-11,3,2579,26,26003193,42900,24500,2,890.08,12597.88
36901,2019-10-15,2019-10-18,1,39,26,26003193,42923,75300,2,2068.54,31514.2
36905,2015-03-18,2015-03-20,3,1296,26,26003193,42988,59800,1,2041.95,29439
36936,2019-02-12,2019-02-14,2,1490,26,26003193,42988,59800,2,2041.95,29439
36979,2020-03-09,2020-03-19,2,55,26,26003193,43042,112100,3,3930.59,56229.83
36982,2020-05-20,2020-05-22,2,896,26,26003193,43002,41400,3,926.32,14587.26
37142,2017-04-05,2017-04-09,3,2945,26,26003812,42958,376300,2,13831.57,195065.78
37176,2018-02-06,2018-02-07,2,3159,26,26003812,43018,43700,1,1625.54,22840.3
37189,2020-04-16,2020-04-17,1,1444,26,26003812,42955,236600,1,3839.17,59391.54
37201,2016-03-25,2016-04-02,1,1657,26,26003118,42819,86042,10,2264.51,34801.9
37306,2015-06-12,2015-06-17,3,2965,26,26003118,42915,176500,1,5630.82,82734.28
37441,2016-08-27,2016-09-04,2,1476,26,26003886,42791,25828,3,714.88,10873.64
37487,2019-04-08,2019-04-16,2,2819,26,26003886,42812,37664,1,911.87,14217.35
37512,2018-03-24,2018-03-29,1,3095,26,26003886,42838,89738,2,2429.11,37122.15
37612,2016-10-06,2016-10-07,3,301,26,26003886,43030,117500,2,4318.92,60909.46
37615,2017-05-15,2017-05-16,2,885,26,26003886,43027,46100,2,1506.17,21987.19
37665,2016-07-02,2016-07-10,1,1289,26,26003822,42857,54200,3,1529.57,23166.16
37691,2016-02-11,2016-02-21,3,1374,26,26003822,42757,178442,1,4474.64,69375.25
37700,2016-10-20,2016-10-22,1,291,26,26003822,42759,180048,3,5295.53,79436.72
37724,2015-03-10,2015-03-20,3,426,26,26003822,42871,56000,2,2471.72,32819.4
37940,2015-11-28,2015-12-08,3,1142,26,26003875,42831,36960,10,1741.74,22596.46
38058,2020-04-16,2020-04-23,2,1312,26,26003875,42737,165800,3,4071.85,63346.57
38143,2016-05-18,2016-05-20,3,846,26,26003230,42819,86042,2,2264.51,34801.9
38145,2016-07-26,2016-08-02,3,681,26,26003230,42853,72700,3,2372.1,34640.75
38191,2017-12-21,2017-12-26,1,951,26,26003230,42919,65400,2,1783.29,27211.15
38209,2015-02-21,2015-02-25,1,3333,26,26003230,42966,341500,2,13507.09,186108.38
38220,2016-12-10,2016-12-20,2,2948,26,26003230,42997,48500,2,1104.55,17361.05
38232,2018-02-06,2018-02-07,2,1087,26,26003230,43012,51000,1,1192.3,18680.95
38403,2018-08-25,2018-08-30,3,1757,27,27003929,42844,181038,2,5170.9,78102.65
38404,2019-01-23,2019-01-28,2,2847,27,27003929,42823,90442,2,3142.86,45080.01
38672,2019-02-04,2019-02-11,1,918,27,27003562,42823,90442,1,3142.86,45080.01
38876,2017-11-07,2017-11-14,1,2948,27,27003504,42812,37664,2,911.87,14217.35
38892,2019-08-30,2019-09-03,1,2638,27,27003504,42772,656986,1,22305.73,322114.41
38907,2017-07-05,2017-07-15,3,5,27,27003504,42864,19900,2,818.53,11133.26
38919,2019-02-05,2019-02-12,3,490,27,27003504,42826,53724,3,1645.3,24434.68
39099,2017-05-29,2017-06-01,2,1794,27,27003796,42795,54318,1,2423.42,32057.31
39140,2017-02-04,2017-02-06,3,1578,27,27003796,42754,123750,3,3325.78,50900.11
39279,2017-07-07,2017-07-09,1,2848,27,27003796,43002,41400,2,926.32,14587.26
39374,2015-12-02,2015-12-05,3,2778,27,27003588,43017,35800,1,1412.82,19480.78
39399,2019-06-05,2019-06-08,1,1038,27,27003588,42933,115400,3,3206.32,48729.06
39404,2016-05-24,2016-05-30,1,2646,27,27003588,42958,376300,3,13831.57,195065.78
39565,2017-09-22,2017-09-30,2,1143,27,27003588,42979,11300,1,236.61,3744.92
39672,2017-06-12,2017-06-21,2,905,29,29003022,42971,276200,2,10804.29,149402.68
39691,2018-01-15,2018-01-20,3,1231,29,29003022,42816,125488,2,2548.98,40388.81
39711,2016-06-18,2016-06-25,2,583,29,29003022,42865,19900,3,636.8,9348.91
39793,2019-07-08,2019-07-15,2,1614,29,29003022,42963,235500,2,6882.09,103395.09
39810,2019-02-06,2019-02-14,3,85,29,29003022,43035,115900,3,2989.97,46124.85
39836,2019-07-06,2019-07-07,2,1330,29,29003875,42851,13700,2,399.51,6005.18
39877,2015-08-31,2015-09-03,2,70,29,29003875,42974,21400,2,640.56,9567.88
39934,2016-12-29,2017-01-05,3,725,29,29003875,42836,82324,2,4149.8,52528.12
40176,2016-01-06,2016-01-16,2,1194,29,29003371,42919,65400,2,1783.29,27211.15
40190,2018-09-18,2018-09-21,1,2744,29,29003371,42936,354900,3,10178.26,153591.18
40324,2015-08-13,2015-08-18,1,3248,29,29003836,42858,50500,3,2800.69,34193.76
40332,2016-05-04,2016-05-09,2,622,29,29003836,42824,58476,2,1286.47,20291.08
40345,2017-08-14,2017-08-19,3,909,29,29003836,42850,27900,2,607.82,9594.94
40359,2019-01-23,2019-01-25,2,790,29,29003836,42821,65362,2,1882.26,28376.48
40361,2019-03-20,2019-03-22,3,949,29,29003836,42837,43032,1,1106.54,17080.15
40391,2017-10-23,2017-10-31,2,2976,29,29003836,42902,25800,1,798.57,11827.42
40460,2020-01-02,2020-01-10,1,1802,29,29003836,42896,51500,2,1971.71,27453.81
40484,2019-03-27,2019-03-30,2,3397,30,30003346,42985,145600,2,4624,68023.59
40498,2019-09-09,2019-09-15,2,3066,30,30003346,42854,111500,2,3764.24,54447.19
40570,2017-02-22,2017-02-27,3,157,30,30003346,42870,17800,2,532.21,7951.64
40613,2017-03-29,2017-04-02,1,2869,30,30003346,42896,51500,3,1971.71,27453.81
40653,2015-12-21,2015-12-25,3,921,30,30003346,42981,5200,1,115.56,1820.93
40687,2019-09-13,2019-09-14,2,256,30,30003346,43008,38900,3,861.53,13580.33
40696,2015-02-12,2015-02-17,2,1552,30,30003346,43032,95300,2,3026.56,44523.68
40698,2015-08-28,2015-09-02,3,776,30,30003346,43028,94200,2,1995.76,31566.91
40701,2017-03-02,2017-03-06,2,1504,30,30003346,43036,74400,2,1527.57,24197.13
40751,2016-01-27,2016-01-30,2,416,30,30003600,42922,74100,1,2408.25,35206.92
40863,2018-10-26,2018-10-28,2,2690,30,30003600,42896,51500,2,1971.71,27453.81
40868,2019-02-12,2019-02-16,2,1186,30,30003600,42887,49800,1,1546.98,22890.54
40878,2020-03-26,2020-03-30,1,3247,30,30003600,42885,49800,2,1569.78,23138.99
40964,2016-10-04,2016-10-12,3,1580,30,30003429,42777,255750,3,6848.9,104895.85
40981,2018-02-09,2018-02-18,3,1153,30,30003429,42931,32400,2,759.42,11894.62
41006,2017-12-23,2017-12-28,1,903,30,30003429,42767,348568,2,6224.43,98084.85
41153,2015-10-01,2015-10-06,1,3218,30,30003429,43041,77900,1,1337.85,20961.29
41157,2017-04-26,2017-05-01,2,2887,30,30003429,43035,115900,1,2989.97,46124.85
41182,2016-03-09,2016-03-12,2,1673,30,30003734,42874,56000,1,3503.72,40797.25
41329,2019-12-03,2019-12-07,2,2816,30,30003734,42935,245600,3,6005.55,93493.07
41386,2016-06-21,2016-06-28,3,1789,30,30003734,43031,119100,2,3822.9,56077.83
41451,2015-07-14,2015-07-18,3,671,30,30003249,42766,701162,3,22437.18,329402.03
41523,2018-11-01,2018-11-08,2,649,30,30003249,42875,56000,2,2336.92,31631.91
41529,2019-10-26,2019-11-03,1,1764,30,30003249,42870,17800,2,532.21,7951.64
41845,2018-01-30,2018-02-09,2,1066,31,31003613,42968,344500,2,15539.15,204765.24
41877,2017-07-21,2017-07-26,3,1448,31,31003613,43042,112100,2,3930.59,56229.83
42027,2020-01-21,2020-01-24,3,917,31,31003043,42836,82324,3,4149.8,52528.12
42030,2015-01-21,2015-01-22,2,1438,31,31003043,42924,62500,2,1569.66,24329.8
42054,2018-10-08,2018-10-11,2,636,31,31003043,42937,24580000,3,161159.3,5953710.33
42136,2020-03-12,2020-03-22,2,2756,31,31003043,42845,82324,3,2696.82,39339.58
42140,2020-04-01,2020-04-04,2,3366,31,31003043,43026,53000,2,1825.56,26252.88
42190,2015-01-12,2015-01-19,3,1523,31,31003205,42765,193842,2,6590.63,95135.48
42265,2020-02-08,2020-02-09,1,3227,31,31003205,42844,181038,2,5170.9,78102.65
42295,2019-07-11,2019-07-14,2,3017,31,31003205,42944,368600,1,8305.16,130691.23
42298,2019-12-30,2020-01-04,2,370,31,31003205,42931,32400,2,759.42,11894.62
42378,2020-06-01,2020-06-04,2,2151,4,4001333,42875,56000,1,2336.92,31631.91
42397,2020-06-02,2020-06-09,2,344,25,25003950,42981,5200,10,115.56,1820.93
42487,2020-06-09,2020-06-11,2,2029,1,1001517,42886,49800,1,1437.09,21654.71
42768,2020-06-18,2020-06-26,2,3378,26,26003714,42909,150000,3,5835.77,80839.51
42815,2020-06-19,2020-06-28,3,583,17,17003172,42911,178900,3,5428.27,80805.91
42824,2020-06-19,2020-06-24,2,2553,26,26003671,42908,147800,2,4526.38,67222.19
43145,2020-06-30,2020-07-08,3,145,15,15001949,42885,49800,2,1569.78,23138.99
43146,2020-06-30,2020-07-02,2,636,3,3001950,42826,53724,2,1645.3,24434.68
43209,2020-07-01,2020-07-04,1,280,11,11002580,42898,51500,3,2264.49,30107.46
43217,2020-07-01,2020-07-10,2,1566,30,30003734,42939,291500,1,8193.99,124211.82
43294,2020-07-07,2020-07-14,3,2932,13,13001658,42789,21802,2,933.51,12525.79
43305,2020-07-07,2020-07-08,2,1117,2,2001675,42849,154200,1,4934.4,72442.31
43341,2020-07-07,2020-07-09,2,2646,23,23003346,42777,255750,2,6848.9,104895.85
43425,2020-07-09,2020-07-17,2,3245,1,1001725,42914,148900,2,5430.47,76770
43508,2020-07-10,2020-07-18,2,381,16,16001922,42899,19900,3,618.17,9147.02
43531,2020-07-10,2020-07-17,2,3142,26,26003886,43038,116300,2,3335.4,50331.51
43608,2020-07-11,2020-07-17,2,879,31,31003032,42983,35400,1,972.46,14815.44
43646,2020-07-16,2020-07-23,2,2966,13,13001516,42786,79574,1,3677.87,48047.72
43803,2020-07-21,2020-07-23,2,1680,1,1001675,42868,19900,1,640.07,9383.88
43825,2020-07-21,2020-07-23,2,3003,22,22003842,42762,210606,1,4712.31,74206.86
43929,2020-07-23,2020-07-31,2,1852,13,13001658,42762,210606,2,4712.31,74206.86
44056,2020-07-27,2020-08-01,2,1704,14,14001531,42949,20150000,1,144889.39,5096051.01
44168,2020-07-30,2020-08-06,2,57,9,9002212,42879,56000,20,1468.85,22588.68
44184,2020-07-30,2020-08-09,1,1668,26,26003875,42888,49800,2,1618.5,23661.33
44209,2020-07-31,2020-08-03,1,33,13,13001968,42760,163724,2,4111.85,63733.96
44621,2020-08-28,2020-09-04,2,535,11,11002243,42865,19900,3,636.8,9348.91
44679,2020-09-03,2020-09-06,2,2399,19,19003195,42896,51500,3,1971.71,27453.81
44685,2020-09-03,2020-09-09,2,3337,25,25003478,42854,111500,3,3764.24,54447.19
44748,2020-09-04,2020-09-06,2,524,26,26003230,42995,36400,2,1476.22,20173.47
44938,2020-09-08,2020-09-11,2,676,17,17003917,42841,35332,2,1257.94,17913.78
45017,2020-09-09,2020-09-18,2,2693,23,23003412,42847,284658,3,10546.35,148370
45290,2020-09-12,2020-09-18,2,1463,3,3001167,42766,701162,3,22437.18,329402.03
45316,2020-09-12,2020-09-19,2,152,26,26003812,42863,39800,2,1093.33,16656.91
45357,2020-09-14,2020-09-19,2,1444,5,5001300,42988,59800,2,2041.95,29439
45423,2020-09-15,2020-09-17,1,2004,8,8001370,43033,118200,2,3217.1,49108.39
45512,2020-09-18,2020-09-24,2,122,12,12002599,42895,51500,1,3428.43,38931.64
45531,2020-09-18,2020-09-23,2,1394,29,29003578,43043,115900,2,2989.97,46124.85
45613,2020-09-21,2020-09-24,2,1480,13,13001573,42760,163724,2,4111.85,63733.96
45626,2020-09-21,2020-09-28,2,1697,5,5001758,43007,40700,3,870.14,13755.03
45704,2020-09-22,2020-10-01,2,294,12,12002786,43021,43500,3,1518.4,21750.66
45774,2020-09-23,2020-09-26,2,1697,20,20003752,42914,148900,3,5430.47,76770
45869,2020-09-25,2020-10-02,2,126,14,14001291,42796,45782,2,1798.77,24838.19
45972,2020-09-26,2020-10-04,2,305,23,23003119,42853,72700,3,2372.1,34640.75
46230,2020-10-03,2020-10-06,2,1055,21,21003363,42875,56000,2,2336.92,31631.91
46486,2020-10-21,2020-10-23,2,2229,10,10002557,43029,109400,2,1614.7,24089.49
46501,2020-10-21,2020-10-28,3,1328,23,23003537,42869,19900,2,542.62,8279.84
47521,2020-11-27,2020-12-03,1,8,1,1001968,42773,870364,1,25489.23,382750.35
47878,2020-12-07,2020-12-16,2,1440,25,25003728,42968,344500,2,15539.15,204765.24
